[{"companyName":"Doyle, Bogisich and Fadel","legalName":"Macquarie/First Trust Global","contact":"(60) 1801-3291","CNPJ":"13.989.807/3733-7","providerAddress":"4317 Lake View Pass"},
{"companyName":"Mertz-Labadie","legalName":"Teleflex Incorporated","contact":"(45) 5102-3270","CNPJ":"50.981.572/8286-0","providerAddress":"36199 Westerfield Place"},
{"companyName":"Barrows-Heller","legalName":"Lehman ABS Corporation","contact":"(38) 5739-4094","CNPJ":"60.423.672/1219-7","providerAddress":"673 Meadow Vale Way"},
{"companyName":"Cole and Sons","legalName":"NextEra Energy, Inc.","contact":"(44) 5966-4435","CNPJ":"38.344.506/0488-2","providerAddress":"4498 Blackbird Road"},
{"companyName":"Waelchi, Beahan and Champlin","legalName":"Chicago Bridge & Iron Company N.V.","contact":"(72) 8896-5119","CNPJ":"77.927.944/6919-1","providerAddress":"5 Pankratz Drive"},
{"companyName":"Runolfsdottir, Effertz and Aufderhar","legalName":"Astrotech Corporation","contact":"(03) 4255-5525","CNPJ":"05.749.289/2556-2","providerAddress":"9754 Farmco Drive"},
{"companyName":"Grady, Stark and Gottlieb","legalName":"AEterna Zentaris Inc.","contact":"(05) 3559-0324","CNPJ":"53.273.700/8250-2","providerAddress":"01343 Loeprich Alley"},
{"companyName":"Padberg LLC","legalName":"Fortress Transportation and Infrastructure Investors LLC","contact":"(19) 3903-4308","CNPJ":"99.890.567/4069-1","providerAddress":"70443 Stone Corner Street"},
{"companyName":"Koelpin, Deckow and O'Kon","legalName":"StarTek, Inc.","contact":"(31) 6079-9535","CNPJ":"35.492.573/8382-7","providerAddress":"22858 Oriole Plaza"},
{"companyName":"Ankunding-Kunde","legalName":"Value Line, Inc.","contact":"(78) 5759-8496","CNPJ":"21.485.495/2622-8","providerAddress":"53200 Shasta Crossing"},
{"companyName":"Adams, Homenick and Gottlieb","legalName":"Constellation Brands Inc","contact":"(41) 7264-9404","CNPJ":"81.433.465/6899-5","providerAddress":"06286 Golf Course Circle"},
{"companyName":"Carter and Sons","legalName":"Seacoast Banking Corporation of Florida","contact":"(57) 5344-0452","CNPJ":"09.904.175/3199-5","providerAddress":"3 Blackbird Pass"},
{"companyName":"Reynolds LLC","legalName":"BCB Bancorp, Inc. (NJ)","contact":"(37) 6974-2260","CNPJ":"04.105.854/7517-7","providerAddress":"9 Clyde Gallagher Way"},
{"companyName":"Grant-Gusikowski","legalName":"Star Bulk Carriers Corp.","contact":"(73) 1257-5505","CNPJ":"39.552.522/6658-7","providerAddress":"9130 Westridge Road"},
{"companyName":"Gulgowski, Bednar and McLaughlin","legalName":"Diversified Restaurant Holdings, Inc.","contact":"(30) 5258-9232","CNPJ":"35.641.771/8241-8","providerAddress":"47 6th Drive"},
{"companyName":"Cormier Inc","legalName":"Huaneng Power International, Inc.","contact":"(82) 2935-6427","CNPJ":"31.469.712/5884-2","providerAddress":"0 Old Gate Plaza"},
{"companyName":"Nitzsche Group","legalName":"iPass Inc.","contact":"(40) 0214-1421","CNPJ":"55.955.953/5585-8","providerAddress":"9239 Canary Court"},
{"companyName":"Cruickshank, Kreiger and Bruen","legalName":"Electro-Sensors, Inc.","contact":"(92) 6717-5519","CNPJ":"32.800.367/4282-3","providerAddress":"4063 Oakridge Alley"},
{"companyName":"Gulgowski-Turcotte","legalName":"CNH Industrial N.V.","contact":"(05) 7993-1958","CNPJ":"98.128.402/5772-2","providerAddress":"2 Kinsman Parkway"},
{"companyName":"Doyle and Sons","legalName":"Synacor, Inc.","contact":"(48) 7048-2573","CNPJ":"80.970.571/6988-8","providerAddress":"6794 Tennessee Road"},
{"companyName":"Cronin-Kulas","legalName":"Merrimack Pharmaceuticals, Inc.","contact":"(06) 5916-6707","CNPJ":"48.692.383/8932-4","providerAddress":"360 Clyde Gallagher Center"},
{"companyName":"Blick Inc","legalName":"Urban One, Inc. ","contact":"(74) 1693-8548","CNPJ":"88.407.287/2823-4","providerAddress":"366 Badeau Park"},
{"companyName":"Effertz, Bednar and Ledner","legalName":"Altria Group","contact":"(99) 6854-1762","CNPJ":"55.046.242/8996-1","providerAddress":"89777 Luster Road"},
{"companyName":"Stroman and Sons","legalName":"Alphabet Inc.","contact":"(59) 8693-2369","CNPJ":"96.815.676/4811-4","providerAddress":"788 Autumn Leaf Center"},
{"companyName":"Mayert Inc","legalName":"Cleantech Solutions International, Inc.","contact":"(02) 5985-6115","CNPJ":"48.044.142/3010-9","providerAddress":"69075 Gateway Hill"},
{"companyName":"Kihn-Abernathy","legalName":"FARO Technologies, Inc.","contact":"(95) 2470-1916","CNPJ":"36.453.905/0335-9","providerAddress":"95 East Trail"},
{"companyName":"Kovacek and Sons","legalName":"The First of Long Island Corporation","contact":"(99) 3071-3301","CNPJ":"14.224.237/0275-8","providerAddress":"1037 Almo Park"},
{"companyName":"Rippin, Haag and Ledner","legalName":"Aevi Genomic Medicine, Inc.","contact":"(48) 5288-6357","CNPJ":"99.663.857/2137-8","providerAddress":"633 Mayer Junction"},
{"companyName":"Adams, Prohaska and Zboncak","legalName":"M&T Bank Corporation","contact":"(55) 0911-9161","CNPJ":"30.191.008/6412-4","providerAddress":"93361 Artisan Avenue"},
{"companyName":"Koelpin LLC","legalName":"Silicon Motion Technology Corporation","contact":"(71) 8199-2384","CNPJ":"78.871.403/5141-4","providerAddress":"9245 Kropf Pass"}]