[{"purchaseValue":71.38},
{"purchaseValue":78.21},
{"purchaseValue":177.95},
{"purchaseValue":151.04},
{"purchaseValue":150.92},
{"purchaseValue":152.40},
{"purchaseValue":82.11},
{"purchaseValue":56.96},
{"purchaseValue":42.05},
{"purchaseValue":135.06},
{"purchaseValue":94.15},
{"purchaseValue":43.59},
{"purchaseValue":122.50},
{"purchaseValue":14.66},
{"purchaseValue":123.61},
{"purchaseValue":8.47},
{"purchaseValue":147.43},
{"purchaseValue":138.96},
{"purchaseValue":3.05},
{"purchaseValue":137.77},
{"purchaseValue":22.08},
{"purchaseValue":1.96},
{"purchaseValue":89.83},
{"purchaseValue":53.52},
{"purchaseValue":108.22},
{"purchaseValue":129.41},
{"purchaseValue":66.59},
{"purchaseValue":72.77},
{"purchaseValue":95.84},
{"purchaseValue":82.97},
{"purchaseValue":5.84},
{"purchaseValue":55.12},
{"purchaseValue":133.68},
{"purchaseValue":144.42},
{"purchaseValue":152.75},
{"purchaseValue":45.74},
{"purchaseValue":37.64},
{"purchaseValue":48.32},
{"purchaseValue":97.61},
{"purchaseValue":87.73},
{"purchaseValue":165.15},
{"purchaseValue":37.38},
{"purchaseValue":142.46},
{"purchaseValue":50.13},
{"purchaseValue":5.82},
{"purchaseValue":72.47},
{"purchaseValue":130.94},
{"purchaseValue":76.45},
{"purchaseValue":59.98},
{"purchaseValue":73.69}]