[{"username":"hfeldhammer0","fullName":"Howey Feldhammer","email":"hfeldhammer0@macromedia.com","password":"nG7szL","CPF":"393.612.169-58","contact":"(81)3726-8689","userAddress":"7 Holmberg Plaza"},
{"username":"pnorthage1","fullName":"Packston Northage","email":"pnorthage1@google.es","password":"xnopdWWGN","CPF":"475.419.355-53","contact":"(69)3418-6706","userAddress":"0208 Eastlawn Parkway"},
{"username":"gfirmin2","fullName":"Gaylor Firmin","email":"gfirmin2@dell.com","password":"5V5Txqq3Z8","CPF":"769.746.538-25","contact":"(78)1800-4937","userAddress":"3939 Meadow Vale Trail"},
{"username":"vmelpuss3","fullName":"Vanni Melpuss","email":"vmelpuss3@dot.gov","password":"zMcKYIG3","CPF":"087.334.439-80","contact":"(98)2547-9891","userAddress":"065 Monica Parkway"},
{"username":"djorczyk4","fullName":"Dania Jorczyk","email":"djorczyk4@live.com","password":"iRHRr1","CPF":"800.629.048-17","contact":"(92)2917-1258","userAddress":"3 Ilene Lane"},
{"username":"emayou5","fullName":"Erroll Mayou","email":"emayou5@yellowbook.com","password":"5V9XtPcdW7","CPF":"658.273.750-14","contact":"(94)2158-2079","userAddress":"79 Lukken Park"},
{"username":"tjimeno6","fullName":"Tish Jimeno","email":"tjimeno6@diigo.com","password":"W6NPg3S6hg","CPF":"679.976.607-69","contact":"(54)0650-7278","userAddress":"46221 Ronald Regan Avenue"},
{"username":"kpressey7","fullName":"Koralle Pressey","email":"kpressey7@marriott.com","password":"qsQGN4HV1","CPF":"594.406.370-36","contact":"(17)8062-4999","userAddress":"267 Porter Center"},
{"username":"rsketcher8","fullName":"Rollie Sketcher","email":"rsketcher8@hibu.com","password":"M75DWq4fW","CPF":"988.182.860-77","contact":"(35)7449-5151","userAddress":"243 Stone Corner Place"},
{"username":"lrobottom9","fullName":"Lewie Robottom","email":"lrobottom9@cdc.gov","password":"6wttczPFXG","CPF":"447.701.456-67","contact":"(99)3206-8511","userAddress":"32856 Northview Park"},
{"username":"tchevesa","fullName":"Tammie Cheves","email":"tchevesa@abc.net.au","password":"IWIITcCH","CPF":"850.469.449-80","contact":"(28)9267-8449","userAddress":"89719 Bluestem Point"},
{"username":"sdeningtonb","fullName":"Sydney Denington","email":"sdeningtonb@state.tx.us","password":"pwMmZ12gPV","CPF":"837.339.623-17","contact":"(66)1371-6815","userAddress":"6 Spenser Junction"},
{"username":"amcauleyc","fullName":"Aleksandr McAuley","email":"amcauleyc@example.com","password":"gUoyrj4mzUS","CPF":"703.907.156-46","contact":"(07)6722-9079","userAddress":"241 Daystar Pass"},
{"username":"fpulld","fullName":"Felix Pull","email":"fpulld@statcounter.com","password":"J182S5dIAAYP","CPF":"492.795.348-20","contact":"(74)9217-4882","userAddress":"8 Basil Street"},
{"username":"ooakenforde","fullName":"Olga Oakenford","email":"ooakenforde@netscape.com","password":"vtV3as3pG","CPF":"549.212.414-13","contact":"(67)0931-5334","userAddress":"6 Birchwood Plaza"},
{"username":"cturnockf","fullName":"Charin Turnock","email":"cturnockf@so-net.ne.jp","password":"BnDTACpmza","CPF":"828.853.134-79","contact":"(04)5248-2547","userAddress":"11 Duke Alley"},
{"username":"jcollynsg","fullName":"Junia Collyns","email":"jcollynsg@mail.ru","password":"KlSn5Qd","CPF":"011.748.974-79","contact":"(04)3351-1457","userAddress":"02 Hanover Terrace"},
{"username":"ajanikowskih","fullName":"Arlen Janikowski","email":"ajanikowskih@yale.edu","password":"kZ4TBve5f0","CPF":"410.885.572-16","contact":"(69)8029-5975","userAddress":"06 Spaight Point"},
{"username":"sbottingi","fullName":"Spencer Botting","email":"sbottingi@godaddy.com","password":"f0eUMZ6DLtUp","CPF":"268.251.208-99","contact":"(41)8198-5397","userAddress":"4987 Annamark Center"},
{"username":"areddellj","fullName":"Aubine Reddell","email":"areddellj@businesswire.com","password":"VaIS33OP","CPF":"811.405.659-58","contact":"(24)9523-6835","userAddress":"694 Crownhardt Lane"},
{"username":"bmercerk","fullName":"Betsey Mercer","email":"bmercerk@miibeian.gov.cn","password":"IkhKA5YQpS","CPF":"005.452.682-20","contact":"(42)5553-7179","userAddress":"24035 Myrtle Way"},
{"username":"ldaenenl","fullName":"Levey Daenen","email":"ldaenenl@cocolog-nifty.com","password":"fyFSYP11OSiK","CPF":"618.191.693-96","contact":"(19)9985-3445","userAddress":"158 Hayes Crossing"},
{"username":"abanbrickm","fullName":"Ann Banbrick","email":"abanbrickm@squidoo.com","password":"mrc9eI","CPF":"156.384.616-96","contact":"(78)1161-5713","userAddress":"9346 Rockefeller Alley"},
{"username":"celizabethn","fullName":"Conway Elizabeth","email":"celizabethn@noaa.gov","password":"kqgmy46TVLD2","CPF":"273.732.519-48","contact":"(57)4472-0742","userAddress":"9 Farmco Lane"},
{"username":"gbrimmo","fullName":"Griselda Brimm","email":"gbrimmo@weibo.com","password":"svJtzF","CPF":"337.057.252-00","contact":"(55)4813-5612","userAddress":"46047 Carioca Crossing"},
{"username":"cspittallp","fullName":"Cathie Spittall","email":"cspittallp@cocolog-nifty.com","password":"vE6m3mUOb","CPF":"684.809.962-74","contact":"(42)1592-6317","userAddress":"28455 Pawling Lane"},
{"username":"mfearnsq","fullName":"Mathian Fearns","email":"mfearnsq@free.fr","password":"Lf0Jjh","CPF":"151.862.844-51","contact":"(35)7680-6726","userAddress":"89 Eliot Park"},
{"username":"fhaner","fullName":"Friedrich Hane","email":"fhaner@slideshare.net","password":"a5HdhuT","CPF":"482.095.891-42","contact":"(59)7712-6791","userAddress":"5159 Swallow Avenue"},
{"username":"jdempseys","fullName":"Jerrome Dempsey","email":"jdempseys@webeden.co.uk","password":"mr15zaaxUnsH","CPF":"767.041.786-98","contact":"(82)4946-3112","userAddress":"780 Johnson Parkway"},
{"username":"charradencet","fullName":"Chester Harradence","email":"charradencet@blogger.com","password":"WAhN1SPR","CPF":"164.092.097-38","contact":"(41)3123-0344","userAddress":"1 Schurz Crossing"},
{"username":"zhillinu","fullName":"Zachary Hillin","email":"zhillinu@cbsnews.com","password":"PMGoT8","CPF":"826.143.827-01","contact":"(14)8660-5463","userAddress":"3 Spohn Parkway"},
{"username":"jodulchontav","fullName":"Jarad O'Dulchonta","email":"jodulchontav@scribd.com","password":"MwJMJKYOz9","CPF":"294.739.758-65","contact":"(89)5834-2046","userAddress":"979 Briar Crest Point"},
{"username":"mforlongew","fullName":"Madelon Forlonge","email":"mforlongew@privacy.gov.au","password":"m8tyoN88pkMR","CPF":"075.035.868-79","contact":"(48)9284-5118","userAddress":"27297 Carioca Lane"},
{"username":"cbrazeltonx","fullName":"Claire Brazelton","email":"cbrazeltonx@techcrunch.com","password":"OiXMHx6TN","CPF":"793.037.010-69","contact":"(40)1349-8837","userAddress":"54 Clemons Park"},
{"username":"bbauduccioy","fullName":"Beverlie Bauduccio","email":"bbauduccioy@google.co.uk","password":"7sa6rjO","CPF":"041.246.328-77","contact":"(40)1890-6025","userAddress":"1 Oxford Hill"},
{"username":"wsaunderz","fullName":"Willie Saunder","email":"wsaunderz@mapquest.com","password":"2kmT7T6i","CPF":"991.952.758-39","contact":"(31)9137-6142","userAddress":"470 Village Drive"},
{"username":"sannand10","fullName":"Sascha Annand","email":"sannand10@surveymonkey.com","password":"ktWPppT","CPF":"925.552.785-08","contact":"(05)3750-9197","userAddress":"8889 Lien Trail"},
{"username":"rroyds11","fullName":"Rebeca Royds","email":"rroyds11@github.io","password":"bWuAHze8w6on","CPF":"056.456.517-43","contact":"(93)6362-7226","userAddress":"37153 Weeping Birch Street"},
{"username":"hvyse12","fullName":"Hersh Vyse","email":"hvyse12@soup.io","password":"KMbjHjki","CPF":"151.826.890-30","contact":"(69)3084-6411","userAddress":"92586 Nelson Point"},
{"username":"atillett13","fullName":"Anderea Tillett","email":"atillett13@ask.com","password":"asVneHKK6u","CPF":"766.885.473-87","contact":"(19)3127-6442","userAddress":"04 Elka Crossing"},
{"username":"dpoulett14","fullName":"Dalia Poulett","email":"dpoulett14@cargocollective.com","password":"jZCs7Kn","CPF":"665.254.578-70","contact":"(71)8143-0360","userAddress":"30221 Stuart Road"},
{"username":"kohrt15","fullName":"Koenraad Ohrt","email":"kohrt15@themeforest.net","password":"wgt7igDfA","CPF":"872.405.579-88","contact":"(73)7688-6817","userAddress":"2119 Red Cloud Circle"},
{"username":"bcottel16","fullName":"Bert Cottel","email":"bcottel16@de.vu","password":"VaqlfEu4qs","CPF":"812.809.426-18","contact":"(17)8719-8897","userAddress":"9967 Sauthoff Alley"},
{"username":"tmeriot17","fullName":"Tiena Meriot","email":"tmeriot17@hp.com","password":"Tu1W7uTaR","CPF":"648.097.721-69","contact":"(58)5066-2340","userAddress":"6498 Porter Point"},
{"username":"ekennifick18","fullName":"Edwina Kennifick","email":"ekennifick18@google.com","password":"eXkSPYW","CPF":"811.677.419-10","contact":"(40)7735-7153","userAddress":"415 Northview Plaza"}]